missing_rate,method_label,metric,estimate,ci_low,ci_high,mcse,n_runs
0.2,BRITS-MI,bias,0.026743112510769846,0.01899879806070617,0.03724453131270482,0.0047157899908577905,100
0.2,BRITS-MI,mse,0.02618370634699655,0.023133183634881215,0.02967153721063853,0.0016374563424117494,100
0.2,BRITS-MI,coverage,0.9484615384615386,0.933076923076923,0.9623076923076924,0.007657653096565763,100
0.2,BRITS-MI,imputation_rmse,0.5835663312673569,0.5818075876682998,0.5852376389205456,0.0008820954212785144,100
0.2,Complete case,bias,0.06920127700057528,0.05979840818366277,0.09158572301379898,0.008268978302868258,100
0.2,Complete case,mse,0.12077721393860617,0.10632911836060267,0.13601946581264465,0.007704085912410725,100
0.2,Complete case,coverage,0.9476923076923077,0.9346153846153846,0.96,0.006363935203072234,100
0.2,Complete case,imputation_rmse,,,,,100
0.2,Full data,bias,0.010922961971409545,0.008830219874265108,0.022617609175546526,0.0035710998349290143,100
0.2,Full data,mse,0.02503130492174074,0.021971091046153583,0.02839130520813555,0.0016508379062822262,100
0.2,Full data,coverage,0.9507692307692308,0.9361538461538461,0.9653846153846153,0.007376582007018548,100
0.2,Full data,imputation_rmse,0.0,0.0,0.0,0.0,100
0.2,MICE,bias,0.06425504287607975,0.05761527252207431,0.07204448871623367,0.0036933212829639885,100
0.2,MICE,mse,0.029551664647775255,0.02658623052339633,0.03264812947369194,0.001527086150976946,100
0.2,MICE,coverage,0.9869230769230771,0.980769230769231,0.9923076923076922,0.002904039754374127,100
0.2,MICE,imputation_rmse,0.7251241208674674,0.7148677381814627,0.7354518572465447,0.0052032532690642844,100
0.2,Mean imputation,bias,0.11444103278069909,0.10694293230873822,0.12212214439586427,0.003842405269930957,100
0.2,Mean imputation,mse,0.0448205559480749,0.041412164166877756,0.048536891969164754,0.0018070933112267402,100
0.2,Mean imputation,coverage,0.8338461538461539,0.8153846153846156,0.8515384615384614,0.009129200333376091,100
0.2,Mean imputation,imputation_rmse,0.9385490718112748,0.9349370914941602,0.942120388302501,0.001820005730233467,100
0.2,Missforest,bias,0.033064441413917095,0.023218029213903146,0.044284864565526834,0.005413913819182049,100
0.2,Missforest,mse,0.03121874523218872,0.027626642408558524,0.035114400576641905,0.0019272451218313978,100
0.2,Missforest,coverage,0.9384615384615386,0.9215384615384616,0.9538461538461539,0.00818178497658939,100
0.2,Missforest,imputation_rmse,0.5815170118370478,0.5797532579697096,0.583259310410392,0.0009066458466872532,100
0.4,BRITS-MI,bias,0.047886602518366926,0.04126632417389725,0.057682472111234756,0.004180341806109031,100
0.4,BRITS-MI,mse,0.03314943233257403,0.02943334415307641,0.03725511301722888,0.001974178333967327,100
0.4,BRITS-MI,coverage,0.9461538461538461,0.9338461538461539,0.9576923076923077,0.0060381509776170714,100
0.4,BRITS-MI,imputation_rmse,0.6144151306152343,0.612939479842782,0.6158930832743644,0.0007548751554747768,100
0.4,Complete case,bias,0.0988500960264147,0.10242882637627486,0.30149835872770125,0.051858163588100026,30
0.4,Complete case,mse,1.578776054627313,1.1897642645298083,2.041181790883854,0.22509464382112976,30
0.4,Complete case,coverage,0.9717948717948719,0.9564102564102565,0.9846153846153847,0.007809307680548729,30
0.4,Complete case,imputation_rmse,,,,,30
0.4,Full data,bias,0.010922961971409545,0.008802752423073256,0.02282583671382973,0.0035764260843177877,100
0.4,Full data,mse,0.02503130492174074,0.022002494296550105,0.02826723602711653,0.0016508379062822262,100
0.4,Full data,coverage,0.9507692307692308,0.9361346153846153,0.9646153846153847,0.007376582007018548,100
0.4,Full data,imputation_rmse,0.0,0.0,0.0,0.0,100
0.4,MICE,bias,0.10491521835942273,0.099342424068211,0.11366612495933696,0.003604786635807662,100
0.4,MICE,mse,0.0380709975753585,0.034707807247046245,0.04171469624319847,0.0018133298453585404,100
0.4,MICE,coverage,0.9515384615384614,0.94,0.9623076923076924,0.005749642997339585,100
0.4,MICE,imputation_rmse,0.7119949565572078,0.7042571637510542,0.7198383547880631,0.0040010654496390645,100
0.4,Mean imputation,bias,0.2042177128486509,0.19589697697551642,0.2128235656396323,0.004346610526329407,100
0.4,Mean imputation,mse,0.106059884851631,0.09583007463323634,0.11734126233207733,0.00551015072695812,100
0.4,Mean imputation,coverage,0.6753846153846154,0.6561538461538461,0.6938461538461539,0.009753399552008036,100
0.4,Mean imputation,imputation_rmse,0.9092492658479081,0.9062190664965116,0.9121447125014053,0.001496270949138645,100
0.4,Missforest,bias,0.08142350306146774,0.07371432291175616,0.09612329057677738,0.005595619859750073,100
0.4,Missforest,mse,0.05985227472180958,0.052375356684925226,0.06808825671567235,0.004031261422454279,100
0.4,Missforest,coverage,0.8715384615384616,0.8515384615384616,0.89,0.009659494782838573,100
0.4,Missforest,imputation_rmse,0.614232027501138,0.6127736414960882,0.6157376442084678,0.000753911176686382,100
0.6,BRITS-MI,bias,0.06827783189542537,0.0626360398549408,0.07603486178690866,0.0034190053672298703,100
0.6,BRITS-MI,mse,0.04762082499418099,0.04280062984374749,0.052931759476716515,0.002596381241277681,100
0.6,BRITS-MI,coverage,0.9076923076923076,0.8915384615384616,0.9238461538461538,0.008181784976589392,100
0.6,BRITS-MI,imputation_rmse,0.6592467719316483,0.6573629764020442,0.6612927346080542,0.0010227729500381524,100
0.6,Full data,bias,0.010922961971409545,0.008866745555778596,0.02283481443342563,0.0035629159631232715,100
0.6,Full data,mse,0.02503130492174074,0.021862904713736177,0.02834304228973188,0.0016508379062822262,100
0.6,Full data,coverage,0.9507692307692308,0.9353846153846155,0.9646153846153847,0.007376582007018548,100
0.6,Full data,imputation_rmse,0.0,0.0,0.0,0.0,100
0.6,MICE,bias,0.1289051873752006,0.12383279374650438,0.1356651894259023,0.0030186596495898354,100
0.6,MICE,mse,0.04298746790366386,0.04009769335929313,0.04606597468398463,0.001562991333825353,100
0.6,MICE,coverage,0.9084615384615384,0.8930769230769231,0.9238461538461539,0.007861009444580078,100
0.6,MICE,imputation_rmse,0.7314223963199207,0.7257164011807419,0.7371277981419939,0.0028846127829859573,100
0.6,Mean imputation,bias,0.2648242939249373,0.2558188063375874,0.27392285914767256,0.004613002807500405,100
0.6,Mean imputation,mse,0.20341862424501675,0.18566658205825162,0.22203322289197577,0.009370067684041606,100
0.6,Mean imputation,coverage,0.6407692307692306,0.623076923076923,0.6592307692307692,0.009151106652942156,100
0.6,Mean imputation,imputation_rmse,0.8968616489178902,0.8939760976811336,0.8997479441983012,0.0014907034138687241,100
0.6,Missforest,bias,0.11925217388785757,0.11167717452242831,0.12989378455472175,0.004654674832462685,100
0.6,Missforest,mse,0.15468773433263192,0.13572511066501597,0.17541150946507342,0.010396765331202349,100
0.6,Missforest,coverage,0.7899999999999998,0.7699999999999999,0.81,0.010306114991402254,100
0.6,Missforest,imputation_rmse,0.6561425940722779,0.6542521338401227,0.6581722726600135,0.0010095288970859318,100
