missing_rate,method,auprc,auroc,effect_abs_bias,effect_coverage,effect_mse,log_loss,masked_cell_standardized_rmse,trajectory_summary_nrmse
0.2,BRITS-MI,0.543 (0.002),0.739 (0.001),0.047 (0.016),0.980 (0.045),0.007 (0.005),0.800 (0.001),0.547 (0.079),0.241 (0.066)
0.2,MICE,0.541 (0.001),0.738 (0.001),0.053 (0.015),0.975 (0.054),0.008 (0.004),0.805 (0.001),0.508 (0.075),0.226 (0.060)
0.2,Mean imputation,0.538 (0.002),0.736 (0.001),0.070 (0.017),0.863 (0.065),0.014 (0.007),0.806 (0.002),0.765 (0.054),0.341 (0.063)
0.2,Missforest,0.544 (0.003),0.739 (0.001),0.053 (0.022),0.946 (0.078),0.009 (0.007),0.802 (0.002),0.588 (0.084),0.262 (0.070)
0.4,BRITS-MI,0.541 (0.002),0.739 (0.001),0.062 (0.021),0.930 (0.077),0.011 (0.008),0.802 (0.001),0.576 (0.051),0.367 (0.059)
0.4,MICE,0.540 (0.002),0.738 (0.001),0.073 (0.016),0.894 (0.070),0.015 (0.006),0.806 (0.001),0.571 (0.054),0.362 (0.060)
0.4,Mean imputation,0.537 (0.002),0.735 (0.002),0.085 (0.015),0.812 (0.045),0.023 (0.008),0.807 (0.002),0.775 (0.033),0.492 (0.055)
0.4,Missforest,0.543 (0.003),0.738 (0.002),0.069 (0.024),0.877 (0.087),0.015 (0.010),0.803 (0.002),0.636 (0.046),0.405 (0.058)
0.6,BRITS-MI,0.541 (0.002),0.738 (0.001),0.072 (0.024),0.893 (0.080),0.015 (0.010),0.802 (0.002),0.607 (0.038),0.479 (0.052)
0.6,MICE,0.540 (0.002),0.738 (0.001),0.085 (0.016),0.847 (0.043),0.022 (0.009),0.806 (0.001),0.630 (0.038),0.493 (0.053)
0.6,Mean imputation,0.536 (0.002),0.734 (0.002),0.088 (0.014),0.802 (0.054),0.025 (0.008),0.808 (0.002),0.785 (0.021),0.612 (0.046)
0.6,Missforest,0.542 (0.003),0.738 (0.002),0.086 (0.026),0.823 (0.088),0.024 (0.016),0.803 (0.002),0.677 (0.028),0.531 (0.046)
