missing_rate,metric,comparator,mean_brits,mean_comparator,mean_advantage_favoring_brits,advantage_mcse,p_value,n_pairs,comparison_scale,holm_p_value,favors_brits
0.2,effect_abs_bias,MICE,0.047190683131617145,0.052501808660149966,0.005311125528532844,0.001452570478474235,0.00041185092863441097,100,lower,0.0008237018572688219,True
0.2,effect_abs_bias,Missforest,0.047190683131617145,0.052828158082897377,0.005637474951280236,0.001547512138412208,0.00043126225620240355,100,lower,0.0008237018572688219,True
0.2,effect_abs_bias,Mean imputation,0.047190683131617145,0.07031777555273871,0.023127092421121594,0.001798651455604952,7.765867044731496e-23,100,lower,2.3297601134194485e-22,True
0.2,effect_mse,MICE,0.006603900666567169,0.007825797851079874,0.001221897184512706,0.0004881127858751365,0.013939710757727413,100,lower,0.013939710757727413,True
0.2,effect_mse,Missforest,0.006603900666567169,0.008681167904768042,0.002077267238200874,0.0004780880467948876,3.3764266415353615e-05,100,lower,6.752853283070723e-05,True
0.2,effect_mse,Mean imputation,0.006603900666567169,0.014304448355952943,0.00770054768938578,0.0006591632538150185,2.4601395096300227e-20,100,lower,7.380418528890069e-20,True
0.2,effect_coverage,MICE,0.9800000000000001,0.9750000000000001,0.003999999999999996,0.0025745887623412687,0.12345993797203927,100,absolute distance from 0.95,0.12345993797203927,True
0.2,effect_coverage,Missforest,0.9800000000000001,0.9458333333333333,0.015166666666666644,0.0039147409120565985,0.0001922148399176471,100,absolute distance from 0.95,0.0003844296798352942,True
0.2,effect_coverage,Mean imputation,0.9800000000000001,0.8633333333333332,0.048666666666666594,0.004301227867391799,1.5237318009024716e-19,100,absolute distance from 0.95,4.571195402707415e-19,True
0.2,masked_cell_standardized_rmse,MICE,0.5470906162261963,0.5080891671776772,-0.03900144904851914,0.0038808504013030974,8.522435632116238e-17,100,lower,8.522435632116238e-17,False
0.2,masked_cell_standardized_rmse,Missforest,0.5470906162261963,0.58822574198246,0.041135125756263734,0.003184784690160551,5.861237764188826e-23,100,lower,1.1722475528377653e-22,True
0.2,masked_cell_standardized_rmse,Mean imputation,0.5470906162261963,0.7645702254772186,0.21747960925102233,0.00384603925717083,3.547083892897098e-77,100,lower,1.0641251678691296e-76,True
0.2,trajectory_summary_nrmse,MICE,0.2414643169118449,0.2257018650328672,-0.015762451878977617,0.00216460372897546,7.998729799035258e-11,100,lower,7.998729799035258e-11,False
0.2,trajectory_summary_nrmse,Missforest,0.2414643169118449,0.26235456679889724,0.02089024988705238,0.0017003694840197429,1.2616737312727075e-21,100,lower,2.523347462545415e-21,True
0.2,trajectory_summary_nrmse,Mean imputation,0.2414643169118449,0.34089508147944836,0.09943076456760347,0.0017672480585603563,5.746363507071819e-77,100,lower,1.7239090521215457e-76,True
0.2,auroc,MICE,0.7391745249742394,0.7383465207624853,0.0008280042117542863,0.00010021598093879341,6.563448237573532e-13,100,higher,1.3126896475147065e-12,True
0.2,auroc,Missforest,0.7391745249742394,0.7388795100515554,0.0002950149226841581,0.00012042971633119038,0.016054386218268147,100,higher,0.016054386218268147,True
0.2,auroc,Mean imputation,0.7391745249742394,0.736307648232049,0.002866876742190593,0.00011739188661913019,1.068582579452753e-43,100,higher,3.205747738358259e-43,True
0.2,auprc,MICE,0.5425247682166884,0.540693359525382,0.0018314086913065553,0.0001517881973088747,3.716433670725341e-21,100,higher,7.432867341450682e-21,True
0.2,auprc,Missforest,0.5425247682166884,0.5440403092985522,-0.0015155410818636717,0.0002369931122949527,5.3340575999034764e-09,100,higher,5.3340575999034764e-09,False
0.2,auprc,Mean imputation,0.5425247682166884,0.538352310873758,0.004172457342930359,0.00015670147215520486,6.284385130408209e-47,100,higher,1.8853155391224625e-46,True
0.2,log_loss,MICE,0.8003413538899616,0.805189736536799,0.00484838264683773,0.00011784987395924986,4.6185737089651304e-64,100,lower,9.237147417930261e-64,True
0.2,log_loss,Missforest,0.8003413538899616,0.8018840490848576,0.0015426951948961554,0.00017013188768279886,1.1805562710041052e-14,100,lower,1.1805562710041052e-14,True
0.2,log_loss,Mean imputation,0.8003413538899616,0.8057169732656643,0.005375619375702967,0.00011315311732558017,5.939973296839784e-70,100,lower,1.7819919890519352e-69,True
0.4,effect_abs_bias,MICE,0.06178713111012301,0.072624984432261,0.010837853322137984,0.0016693837599095658,3.3960871928610694e-09,100,lower,6.792174385722139e-09,True
0.4,effect_abs_bias,Missforest,0.06178713111012301,0.06938482094359245,0.007597689833469451,0.0017330428609853856,2.9068033693890245e-05,100,lower,2.9068033693890245e-05,True
0.4,effect_abs_bias,Mean imputation,0.06178713111012301,0.08466878518251905,0.02288165407239603,0.001767997505551605,5.1688443264848583e-23,100,lower,1.5506532979454576e-22,True
0.4,effect_mse,MICE,0.01135267988977034,0.015103620864742621,0.003750940974972283,0.0006509670741986952,9.413269450443111e-08,100,lower,1.8826538900886222e-07,True
0.4,effect_mse,Missforest,0.01135267988977034,0.014926602901948322,0.003573923012177983,0.0007070133351956283,1.975313746895183e-06,100,lower,1.975313746895183e-06,True
0.4,effect_mse,Mean imputation,0.01135267988977034,0.02286422543009549,0.011511545540325154,0.0007158167518597849,2.297659093265465e-29,100,lower,6.892977279796395e-29,True
0.4,effect_coverage,MICE,0.9300000000000002,0.8941666666666667,0.011833333333333302,0.003973078596674561,0.003644264759407239,100,absolute distance from 0.95,0.003644264759407239,True
0.4,effect_coverage,Missforest,0.9300000000000002,0.8766666666666666,0.028333333333333304,0.005050252518939076,1.8385802468712378e-07,100,absolute distance from 0.95,3.6771604937424756e-07,True
0.4,effect_coverage,Mean imputation,0.9300000000000002,0.8124999999999999,0.06949999999999994,0.0055659246667722736,4.723294830748595e-22,100,absolute distance from 0.95,1.4169884492245785e-21,True
0.4,masked_cell_standardized_rmse,MICE,0.5757354274392128,0.5711089429259301,-0.004626484513282777,0.002394202163601822,0.05617204837216984,100,lower,0.05617204837216984,False
0.4,masked_cell_standardized_rmse,Missforest,0.5757354274392128,0.6364372906088829,0.060701863169670106,0.0023185075410772677,2.717542393217871e-46,100,lower,5.435084786435742e-46,True
0.4,masked_cell_standardized_rmse,Mean imputation,0.5757354274392128,0.7754135686159134,0.1996781411767006,0.0029495934320690623,1.0134376429477459e-84,100,lower,3.040312928843238e-84,True
0.4,trajectory_summary_nrmse,MICE,0.3667574001548989,0.3618643103230454,-0.004893089831853467,0.0016711871206273102,0.0042343052748102525,100,lower,0.0042343052748102525,False
0.4,trajectory_summary_nrmse,Missforest,0.3667574001548989,0.40464292492567333,0.03788552477077444,0.0015172544096897392,1.6073104227987487e-44,100,lower,3.2146208455974974e-44,True
0.4,trajectory_summary_nrmse,Mean imputation,0.3667574001548989,0.49153435642678467,0.12477695627188583,0.001640774568820534,1.2537984634888203e-89,100,lower,3.761395390466461e-89,True
0.4,auroc,MICE,0.7385969763428882,0.7376474201039904,0.0009495562388977019,0.00011483026353681517,6.338940603670051e-13,100,higher,1.2677881207340102e-12,True
0.4,auroc,Missforest,0.7385969763428882,0.7384581161762357,0.0001388601666524536,0.00013200754755450815,0.29540128012051514,100,higher,0.29540128012051514,True
0.4,auroc,Mean imputation,0.7385969763428882,0.7349981646850966,0.0035988116577915542,0.00013031252698123577,2.588988473731214e-48,100,higher,7.766965421193642e-48,True
0.4,auprc,MICE,0.5413908788482636,0.5396156716410797,0.0017752072071840208,0.00015826536274944918,2.4803380134863866e-19,100,higher,4.960676026972773e-19,True
0.4,auprc,Missforest,0.5413908788482636,0.5428364718711771,-0.0014455930229135582,0.00024547052290527525,5.3451619407349065e-08,100,higher,5.3451619407349065e-08,False
0.4,auprc,Mean imputation,0.5413908788482636,0.5371093478667321,0.004281530981531466,0.00017508974554556503,9.561833242009718e-44,100,higher,2.8685499726029153e-43,True
0.4,log_loss,MICE,0.8017278709560308,0.8064113780267189,0.004683507070687983,0.00013584063182450661,5.856854214288961e-57,100,lower,1.1713708428577923e-56,True
0.4,log_loss,Missforest,0.8017278709560308,0.8029549536321627,0.001227082676131791,0.00017090473075865637,1.3073883057387288e-10,100,lower,1.3073883057387288e-10,True
0.4,log_loss,Mean imputation,0.8017278709560308,0.8073400022236348,0.005612131267603821,0.00012824844683974324,1.4046412607712012e-66,100,lower,4.2139237823136035e-66,True
0.6,effect_abs_bias,MICE,0.07163177426846382,0.08545012494518152,0.013818350676717708,0.0021088082725053024,2.5606664754957013e-09,100,lower,2.5606664754957013e-09,True
0.6,effect_abs_bias,Missforest,0.07163177426846382,0.0861333679452156,0.014501593676751785,0.002060675338550869,2.5904026066584424e-10,100,lower,5.180805213316885e-10,True
0.6,effect_abs_bias,Mean imputation,0.07163177426846382,0.08762716620754459,0.015995391939080755,0.002080411783028404,1.1082331950460833e-11,100,lower,3.32469958513825e-11,True
0.6,effect_mse,MICE,0.015084989372222999,0.022388140710590962,0.007303151338367947,0.0009658092836014254,2.059019862761671e-11,100,lower,4.118039725523342e-11,True
0.6,effect_mse,Missforest,0.015084989372222999,0.024192446775772872,0.009107457403549875,0.0012556588834642488,9.190101996446822e-11,100,lower,9.190101996446822e-11,True
0.6,effect_mse,Mean imputation,0.015084989372222999,0.02455539687798433,0.009470407505761329,0.0008937905821417441,5.508248449992523e-18,100,lower,1.652474534997757e-17,True
0.6,effect_coverage,MICE,0.8933333333333333,0.8474999999999998,0.02283333333333329,0.005017673590458188,1.5216399381371154e-05,100,absolute distance from 0.95,1.5216399381371154e-05,True
0.6,effect_coverage,Missforest,0.8933333333333333,0.8233333333333335,0.04999999999999998,0.007086922243903453,2.377349453355686e-10,100,absolute distance from 0.95,4.754698906711372e-10,True
0.6,effect_coverage,Mean imputation,0.8933333333333333,0.8016666666666665,0.06466666666666662,0.006960204339273699,3.852912158749096e-15,100,absolute distance from 0.95,1.1558736476247288e-14,True
0.6,masked_cell_standardized_rmse,MICE,0.6065317815542222,0.6304571336507797,0.023925352096557616,0.0015997899145844922,3.816759256380535e-27,100,lower,3.816759256380535e-27,True
0.6,masked_cell_standardized_rmse,Missforest,0.6065317815542222,0.6771669787168503,0.07063519716262817,0.0024911905891395456,2.548775791648638e-49,100,lower,5.097551583297276e-49,True
0.6,masked_cell_standardized_rmse,Mean imputation,0.6065317815542222,0.7846519190073014,0.17812013745307922,0.002289787659378815,1.3825816460009963e-90,100,lower,4.147744938002989e-90,True
0.6,trajectory_summary_nrmse,MICE,0.4793690977177885,0.4933789701655428,0.014009872447754328,0.0015009040601037494,3.099171370209517e-15,100,lower,3.099171370209517e-15,True
0.6,trajectory_summary_nrmse,Missforest,0.4793690977177885,0.5311377484998454,0.05176865078205701,0.0021272174247927472,1.4377089274586834e-43,100,lower,2.8754178549173668e-43,True
0.6,trajectory_summary_nrmse,Mean imputation,0.4793690977177885,0.6123020857400956,0.13293298802230713,0.0017323885704546703,5.2277135165860215e-90,100,lower,1.5683140549758064e-89,True
0.6,auroc,MICE,0.7380087472549437,0.737939325491705,6.942176323849524e-05,0.0001464552403958427,0.6365340318873864,100,higher,0.8573116600030255,True
0.6,auroc,Missforest,0.7380087472549437,0.7381242886395409,-0.00011554138459724195,0.0001453794443554128,0.42865583000151275,100,higher,0.8573116600030255,False
0.6,auroc,Mean imputation,0.7380087472549437,0.7344048792662135,0.003603867988730117,0.00012456037967945258,4.268323513677851e-50,100,higher,1.2804970541033552e-49,True
0.6,auprc,MICE,0.5407242671448852,0.5398940430095055,0.0008302241353796647,0.00021631722868493437,0.00021862606499644906,100,higher,0.00021862606499644906,True
0.6,auprc,Missforest,0.5407242671448852,0.5423121130845275,-0.001587845939642386,0.0002554805888169484,1.2203783509747579e-08,100,higher,2.4407567019495158e-08,False
0.6,auprc,Mean imputation,0.5407242671448852,0.5364062185565746,0.004318048588310684,0.0001819432796342627,1.2042369006179945e-42,100,higher,3.612710701853983e-42,True
0.6,log_loss,MICE,0.8023180683845665,0.8063978666350322,0.004079798250465583,0.00017275615417254171,1.8264857511668472e-42,100,lower,3.6529715023336945e-42,True
0.6,log_loss,Missforest,0.8023180683845665,0.803334868205475,0.0010167998209083583,0.00018902024001993343,5.009168508575068e-07,100,lower,5.009168508575068e-07,True
0.6,log_loss,Mean imputation,0.8023180683845665,0.8078396725708462,0.005521604186279901,0.00013043678471840435,3.1807899446382953e-65,100,lower,9.542369833914885e-65,True
