mnar_strength,mnar_odds_ratio_per_sd,method,method_label,metric,estimate,mcse,ci_low,ci_high,n_runs
0.0,1.0,brits_mi_refined,BRITS-MI,absolute_bias,0.046896985896577696,0.010275869020566304,0.031674275339089286,0.0712623080162014,100
0.0,1.0,brits_mi_refined,BRITS-MI,coefficient_mse,0.12414918128628645,0.008261542690794687,0.10763030032479026,0.14013017773914999,100
0.0,1.0,brits_mi_refined,BRITS-MI,coverage,0.9669230769230769,0.005435264545591344,0.9561538461538461,0.9769230769230769,100
0.0,1.0,brits_mi_refined,BRITS-MI,imputation_rmse,0.6183285069465637,0.001466645004191924,0.6154538827383476,0.6212031311547799,100
0.0,1.0,brits_mi_refined,BRITS-MI,trajectory_summary_rmse,0.7210245055221988,0.002289190387118397,0.7165376923634467,0.7255113186809509,100
0.0,1.0,brits_mi_refined,BRITS-MI,se_ratio,1.0685446049579879,,,,100
0.0,1.0,full_data,Full data,absolute_bias,0.03973146434914555,0.010976937187287606,0.027658695520358285,0.0697812480519462,100
0.0,1.0,full_data,Full data,coefficient_mse,0.12236069306915816,0.008117441087948415,0.10708475780653667,0.13760106115182896,100
0.0,1.0,full_data,Full data,coverage,0.946923076923077,0.008234742950744597,0.9307692307692307,0.9623076923076923,100
0.0,1.0,full_data,Full data,imputation_rmse,0.0,0.0,0.0,0.0,100
0.0,1.0,full_data,Full data,trajectory_summary_rmse,1.0735506723525305e-07,3.1567124680181937e-10,1.0673635159152149e-07,1.0797378287898462e-07,100
0.0,1.0,full_data,Full data,se_ratio,0.9744859274344234,,,,100
0.0,1.0,mean_impute,Mean imputation,absolute_bias,0.20160948360842257,0.010591789619849194,0.1817632559348936,0.22335177040277882,100
0.0,1.0,mean_impute,Mean imputation,coefficient_mse,0.20218510641395704,0.0134158661994926,0.17605484377351086,0.22949688640826546,100
0.0,1.0,mean_impute,Mean imputation,coverage,0.8530769230769231,0.009561360173414772,0.833846153846154,0.8715384615384616,100
0.0,1.0,mean_impute,Mean imputation,imputation_rmse,0.9133807045221328,0.003001685863143112,0.9074974002303723,0.9192640088138934,100
0.0,1.0,mean_impute,Mean imputation,trajectory_summary_rmse,1.0655072482016694,0.004095773472494224,1.0574795321955808,1.073534964207758,100
0.0,1.0,mean_impute,Mean imputation,se_ratio,0.9556625953761171,,,,100
0.0,1.0,mice,MICE,absolute_bias,0.1335619470821445,0.008399605641489491,0.11842650844690356,0.1501697657051252,100
0.0,1.0,mice,MICE,coefficient_mse,0.09371778293091115,0.005860963123910685,0.08357070350722742,0.10625516189077197,100
0.0,1.0,mice,MICE,coverage,0.9792307692307693,0.004522759312798503,0.97,0.9869230769230771,100
0.0,1.0,mice,MICE,imputation_rmse,0.7937371677160263,0.005100742853538173,0.7837397117230915,0.8037346237089611,100
0.0,1.0,mice,MICE,trajectory_summary_rmse,0.9286072505422561,0.007979540347714722,0.9129673514607353,0.944247149623777,100
0.0,1.0,mice,MICE,se_ratio,1.84613660921702,,,,100
0.0,1.0,missforest,Missforest,absolute_bias,0.07334316480510455,0.010131876320756773,0.05968951473217152,0.09774127343903928,100
0.0,1.0,missforest,Missforest,coefficient_mse,0.2107373615574779,0.014952444306919305,0.18207252041851207,0.24147080249265013,100
0.0,1.0,missforest,Missforest,coverage,0.9138461538461539,0.00943027843985682,0.893826923076923,0.9307692307692307,100
0.0,1.0,missforest,Missforest,imputation_rmse,0.6152411884069443,0.0014101560163333918,0.6124772826149308,0.6180050941989578,100
0.0,1.0,missforest,Missforest,trajectory_summary_rmse,0.7151255268279239,0.0022407628189850164,0.7107336317027132,0.7195174219531345,100
0.0,1.0,missforest,Missforest,se_ratio,0.8755977729363272,,,,100
0.5,1.6487212707001282,brits_mi_refined,BRITS-MI,absolute_bias,0.06662391653200116,0.00880617760564321,0.05559322259649117,0.08993898009946563,100
0.5,1.6487212707001282,brits_mi_refined,BRITS-MI,coefficient_mse,0.12586960504730632,0.00837723921692996,0.10998790892237924,0.14251451993604927,100
0.5,1.6487212707001282,brits_mi_refined,BRITS-MI,coverage,0.956923076923077,0.005967411494171422,0.9453653846153847,0.9684615384615384,100
0.5,1.6487212707001282,brits_mi_refined,BRITS-MI,imputation_rmse,0.6612647968530655,0.0018391688441618177,0.6576600259185084,0.6648695677876226,100
0.5,1.6487212707001282,brits_mi_refined,BRITS-MI,trajectory_summary_rmse,0.7543597225454497,0.00256775803323987,0.7493269168002995,0.7593925282905999,100
0.5,1.6487212707001282,brits_mi_refined,BRITS-MI,se_ratio,1.0888341907337926,,,,100
0.5,1.6487212707001282,full_data,Full data,absolute_bias,0.03973146434914555,0.011366708599486162,0.0268013715185115,0.0715946514886357,100
0.5,1.6487212707001282,full_data,Full data,coefficient_mse,0.12236069306915816,0.008105595228329062,0.10739945217040962,0.13880135692535392,100
0.5,1.6487212707001282,full_data,Full data,coverage,0.946923076923077,0.007902023969288735,0.93,0.9615384615384616,100
0.5,1.6487212707001282,full_data,Full data,imputation_rmse,0.0,0.0,0.0,0.0,100
0.5,1.6487212707001282,full_data,Full data,trajectory_summary_rmse,1.0735506723525305e-07,3.1567124680181937e-10,1.0673635159152149e-07,1.0797378287898462e-07,100
0.5,1.6487212707001282,full_data,Full data,se_ratio,0.9744859274344234,,,,100
0.5,1.6487212707001282,mean_impute,Mean imputation,absolute_bias,0.20261756407505502,0.011900769688578174,0.18074947078363202,0.2270323733056641,100
0.5,1.6487212707001282,mean_impute,Mean imputation,coefficient_mse,0.2287184022662349,0.01573378933327257,0.19913900401652165,0.26102600818248345,100
0.5,1.6487212707001282,mean_impute,Mean imputation,coverage,0.8476923076923074,0.009651579401196484,0.8284615384615384,0.8669230769230768,100
0.5,1.6487212707001282,mean_impute,Mean imputation,imputation_rmse,1.0079418164491654,0.002959694716709682,1.0021408148044144,1.0137428180939163,100
0.5,1.6487212707001282,mean_impute,Mean imputation,trajectory_summary_rmse,1.1245638564393199,0.0037869738984011928,1.1171413875984535,1.1319863252801863,100
0.5,1.6487212707001282,mean_impute,Mean imputation,se_ratio,0.9455390972661917,,,,100
0.5,1.6487212707001282,mice,MICE,absolute_bias,0.1351388220913588,0.007645096230448355,0.12284687186386763,0.15245374228158654,100
0.5,1.6487212707001282,mice,MICE,coefficient_mse,0.10017208835935283,0.005799334050361793,0.08931098377289244,0.1113420529381319,100
0.5,1.6487212707001282,mice,MICE,coverage,0.9738461538461539,0.0048199421055727,0.9646153846153847,0.9830769230769232,100
0.5,1.6487212707001282,mice,MICE,imputation_rmse,0.8784263020753861,0.0057175857444026895,0.8672198340163568,0.8896327701344153,100
0.5,1.6487212707001282,mice,MICE,trajectory_summary_rmse,0.9755434277933306,0.00836751725554144,0.9591430939724693,0.9919437616141918,100
0.5,1.6487212707001282,mice,MICE,se_ratio,1.8425650975066963,,,,100
0.5,1.6487212707001282,missforest,Missforest,absolute_bias,0.10822006409759878,0.010373742880260836,0.09107320882998929,0.1314338748110591,100
0.5,1.6487212707001282,missforest,Missforest,coefficient_mse,0.2074218545168845,0.013279306419737019,0.1823636516151332,0.23498038722849582,100
0.5,1.6487212707001282,missforest,Missforest,coverage,0.8999999999999999,0.008282071342573373,0.8838461538461537,0.9161538461538461,100
0.5,1.6487212707001282,missforest,Missforest,imputation_rmse,0.6516592931747437,0.00173162079634609,0.6482653164139054,0.655053269935582,100
0.5,1.6487212707001282,missforest,Missforest,trajectory_summary_rmse,0.7437123825881994,0.002433850991862209,0.7389420346441494,0.7484827305322493,100
0.5,1.6487212707001282,missforest,Missforest,se_ratio,0.9100437512821468,,,,100
1.0,2.718281828459045,brits_mi_refined,BRITS-MI,absolute_bias,0.07824768751422356,0.008906109973806899,0.06655356758619177,0.10143429695636093,100
1.0,2.718281828459045,brits_mi_refined,BRITS-MI,coefficient_mse,0.13933808369323333,0.009688885872952736,0.12235816539241305,0.1597139884573347,100
1.0,2.718281828459045,brits_mi_refined,BRITS-MI,coverage,0.9484615384615384,0.006505911896998379,0.9346153846153848,0.9615384615384615,100
1.0,2.718281828459045,brits_mi_refined,BRITS-MI,imputation_rmse,0.7259871691465378,0.002142318769489579,0.7217882243583382,0.7301861139347374,100
1.0,2.718281828459045,brits_mi_refined,BRITS-MI,trajectory_summary_rmse,0.7964844175111351,0.0027106839320095505,0.7911714770043964,0.8017973580178738,100
1.0,2.718281828459045,brits_mi_refined,BRITS-MI,se_ratio,1.0849128895146087,,,,100
1.0,2.718281828459045,full_data,Full data,absolute_bias,0.03973146434914555,0.011021277021753479,0.02675945637670212,0.07104722680948397,100
1.0,2.718281828459045,full_data,Full data,coefficient_mse,0.12236069306915816,0.008399097887201818,0.10710735926301024,0.13959652679539786,100
1.0,2.718281828459045,full_data,Full data,coverage,0.946923076923077,0.007977911612754306,0.9307692307692308,0.9615576923076923,100
1.0,2.718281828459045,full_data,Full data,imputation_rmse,0.0,0.0,0.0,0.0,100
1.0,2.718281828459045,full_data,Full data,trajectory_summary_rmse,1.0735506723525305e-07,3.1567124680181937e-10,1.0673635159152149e-07,1.0797378287898462e-07,100
1.0,2.718281828459045,full_data,Full data,se_ratio,0.9744859274344234,,,,100
1.0,2.718281828459045,mean_impute,Mean imputation,absolute_bias,0.23069703363089625,0.011269727744084638,0.2109205413337405,0.2541727575634093,100
1.0,2.718281828459045,mean_impute,Mean imputation,coefficient_mse,0.2733562799902392,0.019188856361114275,0.2378324860303143,0.3130783473193599,100
1.0,2.718281828459045,mean_impute,Mean imputation,coverage,0.856153846153846,0.00922491164471731,0.8376923076923076,0.8730961538461539,100
1.0,2.718281828459045,mean_impute,Mean imputation,imputation_rmse,1.082659364938736,0.002901811625456166,1.076971814152842,1.08834691572463,100
1.0,2.718281828459045,mean_impute,Mean imputation,trajectory_summary_rmse,1.1611939358545156,0.0037529101685977715,1.1538382319240639,1.1685496397849673,100
1.0,2.718281828459045,mean_impute,Mean imputation,se_ratio,0.9729827740156414,,,,100
1.0,2.718281828459045,mice,MICE,absolute_bias,0.1642377555672769,0.007642072556972854,0.14986396142477115,0.17954601620842336,100
1.0,2.718281828459045,mice,MICE,coefficient_mse,0.11044091584995393,0.00589499970137805,0.09952359843940733,0.12214514781914394,100
1.0,2.718281828459045,mice,MICE,coverage,0.9653846153846155,0.004815311034237677,0.9561346153846153,0.9746153846153847,100
1.0,2.718281828459045,mice,MICE,imputation_rmse,0.9726980578899384,0.006864680045818092,0.9592432850001349,0.9861528307797418,100
1.0,2.718281828459045,mice,MICE,trajectory_summary_rmse,1.0368701843375587,0.00892302927182465,1.0193810469647824,1.054359321710335,100
1.0,2.718281828459045,mice,MICE,se_ratio,1.8957783469874003,,,,100
1.0,2.718281828459045,missforest,Missforest,absolute_bias,0.12212254197667129,0.011342799041955228,0.10386719980230413,0.14774801433065368,100
1.0,2.718281828459045,missforest,Missforest,coefficient_mse,0.2270992435944917,0.01466771343943507,0.19796468602406883,0.256832783353,100
1.0,2.718281828459045,missforest,Missforest,coverage,0.8892307692307694,0.0091545970355647,0.8715384615384615,0.9069230769230768,100
1.0,2.718281828459045,missforest,Missforest,imputation_rmse,0.7118142366409301,0.0020730049218578945,0.7077511469940887,0.7158773262877716,100
1.0,2.718281828459045,missforest,Missforest,trajectory_summary_rmse,0.7828065019916051,0.0026104318113173153,0.7776900556414231,0.787922948341787,100
1.0,2.718281828459045,missforest,Missforest,se_ratio,0.9106194908056919,,,,100
